@type,path,id,version,contributors,subjects,exclude_from_nav,layout,title,relatedItems,review_state,description,expires,language,effective,rights,created,modified,allow_discussion,creators,nextPreviousEnabled,text,query,sort_on,item_count,sort_reversed,customViewFields,limit,image,image_caption,event_url,file,recurrence,open_end,sync_uid,end,start,location,contact_name,contact_phone,contact_email,whole_day,attendees
Document,Plone/front-page,front-page,current,Null,Null,Null,document_view,"Plone Conference 2015, Bucharest",Null,published,Congratulations! You have successfully installed Plone.,Null,en-us,Null,Null,2017-05-26T17:32:03+05:30,2017-06-21T14:06:45+05:30,Null,"[""admin""]",Field NA,"{""download"": ""Plone/front-page/front-page.html"", ""content-type"": ""text/html"", ""encoding"": ""utf-8""}",Field NA,Field NA,Field NA,Field NA,Field NA,Field NA,Field NA,Field NA,Field NA,Field NA,Field NA,Field NA,Field NA,Field NA,Field NA,Field NA,Field NA,Field NA,Field NA,Field NA,Field NA
Folder,Plone/news,news,current,Null,Null,Null,listing_view,News,Null,published,Site News,Null,en-us,Null,Null,2017-05-26T17:32:03+05:30,2017-06-21T00:47:21+05:30,Null,"[""admin""]",Null,Field NA,Field NA,Field NA,Field NA,Field NA,Field NA,Field NA,Field NA,Field NA,Field NA,Field NA,Field NA,Field NA,Field NA,Field NA,Field NA,Field NA,Field NA,Field NA,Field NA,Field NA,Field NA
Collection,Plone/news/aggregator,aggregator,current,Null,Null,Null,summary_view,News,Null,published,Site News,Null,Null,Null,Null,2017-05-26T17:32:03+05:30,2017-05-26T17:32:03+05:30,Null,"[""admin""]",Field NA,Null,"[{""i"": ""portal_type"", ""o"": ""plone.app.querystring.operation.selection.any"", ""v"": [""News Item""]}, {""i"": ""review_state"", ""o"": ""plone.app.querystring.operation.selection.any"", ""v"": [""published""]}]",effective,30,True,"[""Title"", ""Creator"", ""Type"", ""ModificationDate""]",1000,Field NA,Field NA,Field NA,Field NA,Field NA,Field NA,Field NA,Field NA,Field NA,Field NA,Field NA,Field NA,Field NA,Field NA,Field NA
News Item,Plone/news/conference-website-online,conference-website-online,current,Null,Null,Null,newsitem_view,Conference Website online!!,Null,private,Null,Null,en-us,Null,Null,2017-06-02T23:19:56+05:30,2017-06-21T14:29:29+05:30,Null,"[""admin""]",Field NA,Null,Field NA,Field NA,Field NA,Field NA,Field NA,Field NA,"{""height"": 540, ""width"": 960, ""download"": ""Plone/news/conference-website-online/58963_10200248622793289_1140334088_n.jpg"", ""filename"": ""58963_10200248622793289_1140334088_n.jpg"", ""content-type"": ""image/jpeg"", ""size"": 118535}",Null,Field NA,Field NA,Field NA,Field NA,Field NA,Field NA,Field NA,Field NA,Field NA,Field NA,Field NA,Field NA,Field NA
News Item,Plone/news/submit-your-talks,submit-your-talks,current,Null,Null,Null,newsitem_view,Submit your talks!,Null,private,Null,Null,en-us,Null,Null,2017-06-02T23:20:27+05:30,2017-06-21T00:47:27+05:30,Null,"[""admin""]",Field NA,Null,Field NA,Field NA,Field NA,Field NA,Field NA,Field NA,Null,Null,Field NA,Field NA,Field NA,Field NA,Field NA,Field NA,Field NA,Field NA,Field NA,Field NA,Field NA,Field NA,Field NA
Folder,Plone/the-event,the-event,current,Null,Null,Null,summary_view,The Event,Null,published,Null,Null,en-us,2017-06-03T16:12:00,Null,2017-06-02T23:15:57+05:30,2017-06-21T14:26:25+05:30,Null,"[""admin""]",Null,Field NA,Field NA,Field NA,Field NA,Field NA,Field NA,Field NA,Field NA,Field NA,Field NA,Field NA,Field NA,Field NA,Field NA,Field NA,Field NA,Field NA,Field NA,Field NA,Field NA,Field NA,Field NA
Folder,Plone/the-event/copy_of_talks,copy_of_talks,current,Null,Null,Null,listing_view,Training,Null,private,Null,Null,en-us,Null,Null,2017-06-02T23:16:20+05:30,2017-06-21T00:47:27+05:30,Null,"[""admin""]",Null,Field NA,Field NA,Field NA,Field NA,Field NA,Field NA,Field NA,Field NA,Field NA,Field NA,Field NA,Field NA,Field NA,Field NA,Field NA,Field NA,Field NA,Field NA,Field NA,Field NA,Field NA,Field NA
Folder,Plone/the-event/talks,talks,current,Null,Null,Null,listing_view,Talks,Null,private,Null,Null,en-us,Null,Null,2017-06-02T23:16:20+05:30,2017-06-21T00:47:27+05:30,Null,"[""admin""]",Null,Field NA,Field NA,Field NA,Field NA,Field NA,Field NA,Field NA,Field NA,Field NA,Field NA,Field NA,Field NA,Field NA,Field NA,Field NA,Field NA,Field NA,Field NA,Field NA,Field NA,Field NA,Field NA
Folder,Plone/the-event/copy2_of_talks,copy2_of_talks,current,Null,Null,Null,listing_view,Sprint,Null,private,Null,Null,en-us,Null,Null,2017-06-02T23:16:20+05:30,2017-06-21T00:47:27+05:30,Null,"[""admin""]",Null,Field NA,Field NA,Field NA,Field NA,Field NA,Field NA,Field NA,Field NA,Field NA,Field NA,Field NA,Field NA,Field NA,Field NA,Field NA,Field NA,Field NA,Field NA,Field NA,Field NA,Field NA,Field NA
Document,Plone/the-event/annual-meetup,annual-meetup,current,Null,Null,Null,document_view,Annual Meetup,Null,published,This is the default description page.,Null,en-us,2017-06-03T16:12:00,Null,2017-06-02T23:30:45+05:30,2017-06-21T14:26:25+05:30,Null,"[""admin""]",Field NA,Null,Field NA,Field NA,Field NA,Field NA,Field NA,Field NA,Field NA,Field NA,Field NA,Field NA,Field NA,Field NA,Field NA,Field NA,Field NA,Field NA,Field NA,Field NA,Field NA,Field NA,Field NA
Folder,Plone/the-event/folder.2017-06-15.1122498211,folder.2017-06-15.1122498211,current,Null,Null,Null,listing_view,folder.2017-06-15.1122498211,Null,private,some new folder,Null,Null,Null,Null,2017-06-15T15:52:14+05:30,2017-06-21T00:47:27+05:30,Null,"[""admin""]",Null,Field NA,Field NA,Field NA,Field NA,Field NA,Field NA,Field NA,Field NA,Field NA,Field NA,Field NA,Field NA,Field NA,Field NA,Field NA,Field NA,Field NA,Field NA,Field NA,Field NA,Field NA,Field NA
Folder,Plone/events,events,current,Null,Null,Null,listing_view,Events,Null,published,Site Events,Null,en-us,Null,Null,2017-05-26T17:32:03+05:30,2017-06-21T00:47:27+05:30,Null,"[""admin""]",Null,Field NA,Field NA,Field NA,Field NA,Field NA,Field NA,Field NA,Field NA,Field NA,Field NA,Field NA,Field NA,Field NA,Field NA,Field NA,Field NA,Field NA,Field NA,Field NA,Field NA,Field NA,Field NA
Collection,Plone/events/aggregator,aggregator,current,Null,Null,Null,event_listing,Events,Null,published,Site Events,Null,Null,Null,Null,2017-05-26T17:32:03+05:30,2017-05-26T17:32:03+05:30,Null,"[""admin""]",Field NA,Null,"[{""i"": ""portal_type"", ""o"": ""plone.app.querystring.operation.selection.any"", ""v"": [""Event""]}, {""i"": ""review_state"", ""o"": ""plone.app.querystring.operation.selection.any"", ""v"": [""published""]}]",start,30,True,"[""Title"", ""Creator"", ""Type"", ""ModificationDate""]",1000,Field NA,Field NA,Field NA,Field NA,Field NA,Field NA,Field NA,Field NA,Field NA,Field NA,Field NA,Field NA,Field NA,Field NA,Field NA
Event,Plone/events/deadline-for-talk-submission,deadline-for-talk-submission,current,Null,Null,Null,event_view,Deadline for talk submission,Null,private,Null,Null,en-us,Null,Null,2017-06-02T23:21:19+05:30,2017-06-02T23:21:19+05:30,Null,"[""admin""]",Field NA,Null,Field NA,Field NA,Field NA,Field NA,Field NA,Field NA,Field NA,Field NA,Null,Field NA,Null,Null,Null,2017-08-30T00:00:00+05:30,2017-06-21T14:00:00+05:30,Null,Null,Null,Null,Null,Null
Folder,Plone/register,register,current,Null,Null,Null,listing_view,New Folder,Null,private,some new folder,Null,en-us,Null,Null,2017-06-02T23:21:40+05:30,2017-06-21T00:47:27+05:30,Null,"[""admin""]",Null,Field NA,Field NA,Field NA,Field NA,Field NA,Field NA,Field NA,Field NA,Field NA,Field NA,Field NA,Field NA,Field NA,Field NA,Field NA,Field NA,Field NA,Field NA,Field NA,Field NA,Field NA,Field NA
Folder,Plone/talks,talks,current,Null,Null,Null,listing_view,Intranet,Null,private,Null,Null,en-us,Null,Null,2017-06-02T23:16:20+05:30,2017-06-21T00:47:27+05:30,Null,"[""admin""]",Null,Field NA,Field NA,Field NA,Field NA,Field NA,Field NA,Field NA,Field NA,Field NA,Field NA,Field NA,Field NA,Field NA,Field NA,Field NA,Field NA,Field NA,Field NA,Field NA,Field NA,Field NA,Field NA
Collection,Plone/all-content-that-has-pending-as-wf_state,all-content-that-has-pending-as-wf_state,current,Null,Null,Null,listing_view,all content that has pending as wf_state,Null,private,Null,Null,en-us,Null,Null,2017-06-02T23:35:21+05:30,2017-06-02T23:35:21+05:30,Null,"[""admin""]",Field NA,Null,"[{""i"": ""review_state"", ""o"": ""plone.app.querystring.operation.selection.any"", ""v"": [""pending""]}]",Null,30,Null,"[""Title"", ""Creator"", ""Type"", ""ModificationDate""]",1000,Field NA,Field NA,Field NA,Field NA,Field NA,Field NA,Field NA,Field NA,Field NA,Field NA,Field NA,Field NA,Field NA,Field NA,Field NA
Folder,Plone/copy_of_talks,copy_of_talks,current,Null,Null,Null,listing_view,Talks,Null,private,Null,Null,en-us,Null,Null,2017-06-02T23:16:20+05:30,2017-06-21T00:47:27+05:30,Null,"[""admin""]",Null,Field NA,Field NA,Field NA,Field NA,Field NA,Field NA,Field NA,Field NA,Field NA,Field NA,Field NA,Field NA,Field NA,Field NA,Field NA,Field NA,Field NA,Field NA,Field NA,Field NA,Field NA,Field NA
Folder,Plone/folder.2017-06-12.0233392934,folder.2017-06-12.0233392934,current,Null,Null,Null,listing_view,New Folder,Null,private,Null,Null,Null,Null,Null,2017-06-12T17:33:43+05:30,2017-06-21T00:47:28+05:30,Null,"[""admin""]",Null,Field NA,Field NA,Field NA,Field NA,Field NA,Field NA,Field NA,Field NA,Field NA,Field NA,Field NA,Field NA,Field NA,Field NA,Field NA,Field NA,Field NA,Field NA,Field NA,Field NA,Field NA,Field NA
Folder,Plone/newfolder,newfolder,current,Null,Null,Null,listing_view,New Folder,Null,private,some new folder,Null,Null,Null,Null,2017-06-12T17:35:29+05:30,2017-06-21T00:47:28+05:30,Null,"[""admin""]",Null,Field NA,Field NA,Field NA,Field NA,Field NA,Field NA,Field NA,Field NA,Field NA,Field NA,Field NA,Field NA,Field NA,Field NA,Field NA,Field NA,Field NA,Field NA,Field NA,Field NA,Field NA,Field NA
Folder,Plone/folder.2017-06-15.0424368405,folder.2017-06-15.0424368405,current,Null,Null,Null,listing_view,New Folder,Null,private,Null,Null,Null,Null,Null,2017-06-15T13:37:22+05:30,2017-06-21T00:47:28+05:30,Null,"[""admin""]",Null,Field NA,Field NA,Field NA,Field NA,Field NA,Field NA,Field NA,Field NA,Field NA,Field NA,Field NA,Field NA,Field NA,Field NA,Field NA,Field NA,Field NA,Field NA,Field NA,Field NA,Field NA,Field NA
Folder,Plone/folder.2017-06-15.3091902331,folder.2017-06-15.3091902331,current,Null,Null,Null,listing_view,folder.2017-06-15.3091902331,Null,private,some new folder,Null,Null,Null,Null,2017-06-15T19:15:09+05:30,2017-06-21T00:47:28+05:30,Null,"[""admin""]",Null,Field NA,Field NA,Field NA,Field NA,Field NA,Field NA,Field NA,Field NA,Field NA,Field NA,Field NA,Field NA,Field NA,Field NA,Field NA,Field NA,Field NA,Field NA,Field NA,Field NA,Field NA,Field NA
Document,Plone/document.2017-06-15.6030017143,document.2017-06-15.6030017143,current,Null,Null,Null,document_view,GSoC,Null,private,Just GSoC stuff,Null,Null,Null,Null,2017-06-15T19:20:03+05:30,2017-06-21T00:47:28+05:30,Null,"[""admin""]",Field NA,Null,Field NA,Field NA,Field NA,Field NA,Field NA,Field NA,Field NA,Field NA,Field NA,Field NA,Field NA,Field NA,Field NA,Field NA,Field NA,Field NA,Field NA,Field NA,Field NA,Field NA,Field NA
Folder,Plone/folder.2017-06-15.8587122038,folder.2017-06-15.8587122038,current,Null,Null,Null,listing_view,GSoC17,Null,private,Just GSoC stuff,Null,Null,Null,Null,2017-06-15T19:24:18+05:30,2017-06-21T00:47:28+05:30,Null,"[""admin""]",Null,Field NA,Field NA,Field NA,Field NA,Field NA,Field NA,Field NA,Field NA,Field NA,Field NA,Field NA,Field NA,Field NA,Field NA,Field NA,Field NA,Field NA,Field NA,Field NA,Field NA,Field NA,Field NA
Folder,Plone/folder.2017-06-19.3937828383,folder.2017-06-19.3937828383,current,Null,Null,Null,listing_view,GSoC17,Null,private,Just GSoC stuff,Null,Null,Null,Null,2017-06-19T19:39:53+05:30,2017-06-21T00:47:30+05:30,Null,"[""admin""]",Null,Field NA,Field NA,Field NA,Field NA,Field NA,Field NA,Field NA,Field NA,Field NA,Field NA,Field NA,Field NA,Field NA,Field NA,Field NA,Field NA,Field NA,Field NA,Field NA,Field NA,Field NA,Field NA
File,Plone/export.csv,export.csv,current,Null,Null,Null,file_view,CSV data,Null,Null,Null,Null,en-us,Null,Null,2017-06-21T00:47:29+05:30,2017-06-21T14:29:44+05:30,Null,"[""admin""]",Field NA,Field NA,Field NA,Field NA,Field NA,Field NA,Field NA,Field NA,Field NA,Field NA,Field NA,"{""download"": ""Plone/export.csv/export.csv"", ""filename"": ""export.csv"", ""content-type"": ""text/csv"", ""size"": 18343}",Field NA,Field NA,Field NA,Field NA,Field NA,Field NA,Field NA,Field NA,Field NA,Field NA,Field NA
